{
    "camera": {
        "fov": 50,
        "position": [
            0.018982622772455215,
            5.146816730499268,
            -25.848779678344727
        ],
        "target": [
            -0.03530967235565166,
            1.577640414237976,
            0.07226192951202393
        ],
        "startAnim": "none",
        "animTrack": null
    },
    "background": {
        "color": [
            0.4,
            0.4,
            0.4
        ]
    },
    "animTracks": []
}